[
  {
    "host": "alive.github.com",
    "port": 443
  },
  {
    "host": "edgeassetservice.azureedge.net",
    "port": 443
  },
  {
    "host": "onedrive.live.com",
    "port": 443
  },
  {
    "host": "mrodevicemgr.officeapps.live.com",
    "port": 443
  },
  {
    "host": "signup.live.com",
    "port": 443
  },
  {
    "host": "raw.githubusercontent.com",
    "port": 443
  },
  {
    "host": "avatars.githubusercontent.com",
    "port": 443
  },
  {
    "host": "login.microsoftonline.com",
    "port": 443
  },
  {
    "host": "g.live.com",
    "port": 443
  },
  {
    "host": "westus-0.in.applicationinsights.azure.com",
    "port": 443
  },
  {
    "host": "copilot-telemetry.githubusercontent.com",
    "port": 443
  },
  {
    "host": "api.github.com",
    "port": 443
  },
  {
    "host": "edge-consumer-static.azureedge.net",
    "port": 443
  },
  {
    "host": "storage.live.com",
    "port": 443
  },
  {
    "host": "catalogapi.azure.com",
    "port": 443
  },
  {
    "host": "hudakai114514.github.io",
    "port": 443
  },
  {
    "host": "login.live.com",
    "port": 443
  },
  {
    "host": "challenges.cloudflare.com",
    "port": 443
  },
  {
    "host": "dev.ditu.live.com",
    "port": 443
  },
  {
    "host": "collector.github.com",
    "port": 443
  },
  {
    "host": "zhanghr114514.github.io",
    "port": 443
  },
  {
    "host": "github.githubassets.com",
    "port": 443
  },
  {
    "host": "cdnjs.cloudflare.com",
    "port": 443
  },
  {
    "host": "fpt.live.com",
    "port": 443
  },
  {
    "host": "js.monitor.azure.com",
    "port": 443
  },
  {
    "host": "docs.github.com",
    "port": 443
  },
  {
    "host": "marketplace.visualstudio.com",
    "port": 443
  },
  {
    "host": "update.code.visualstudio.com",
    "port": 443
  },
  {
    "host": "github.com",
    "port": 443
  },
  {
    "host": "xpaywalletcdn.azureedge.net",
    "port": 443
  },
  {
    "host": "outlook.live.com",
    "port": 443
  }
]